<?xml version="1.0" encoding="UTF-8"?><MD_Metadata xmlns:gts="http://www.isotc211.org/2005/gts" xmlns:gco="http://www.isotc211.org/2005/gco" xmlns:xalan="http://xml.apache.org/xalan" xmlns:srv="http://www.isotc211.org/2005/srv" xmlns:gmx="http://www.isotc211.org/2005/gmx" xmlns:xlink="http://www.w3.org/1999/xlink" xmlns:xsi="http://www.w3.org/2001/XMLSchema-instance" xmlns:gml="http://www.opengis.net/gml" xmlns="http://www.isotc211.org/2005/gmd">
    <characterSet>
        <MD_CharacterSetCode codeList="http://www.isotc211.org/2005/resources/Codelist/gmxCodelists.xml#MD_CharacterSetCode" codeListValue="utf8" codeSpace="ISOTC211/19115">utf8</MD_CharacterSetCode>
    </characterSet>
    <hierarchyLevel>
        <MD_ScopeCode codeList="http://www.isotc211.org/2005/resources/Codelist/gmxCodelists.xml#MD_ScopeCode" codeListValue="dataset" codeSpace="ISOTC211/19115">dataset</MD_ScopeCode>
    </hierarchyLevel>
    <hierarchyLevelName>
        <gco:CharacterString>dataset</gco:CharacterString>
    </hierarchyLevelName>
    <contact gco:nilReason="missing"/>
    <dateStamp gco:nilReason="missing"/>
    <metadataStandardName>
        <gco:CharacterString>ISO 19139 Geographic Information - Metadata - Implementation Specification</gco:CharacterString>
    </metadataStandardName>
    <metadataStandardVersion>
        <gco:CharacterString>2007</gco:CharacterString>
    </metadataStandardVersion>
    <identificationInfo>
        <MD_DataIdentification>
            <citation gco:nilReason="missing"/>
            <abstract>
                <gco:CharacterString>Nigeria country-wide operational LGA boundaries (administrative level 2). The LGA boundaries dataset was released in March 2021.</gco:CharacterString>
            </abstract>
            <purpose>
                <gco:CharacterString>Nigeria Operational Local Government Area (LGA) Boundaries (administrative level 2)</gco:CharacterString>
            </purpose>
            <credit>
                <gco:CharacterString>eHealth Africa and Proxy Logics. 2020. Nigeria Operational Local Government Area (LGA) Boundaries. Geo-Referenced Infrastructure and Demographic Data for Development (GRID3). https://grid3.gov.ng/. </gco:CharacterString>
            </credit>
            <descriptiveKeywords>
                <MD_Keywords>
                    <keyword>
                        <gco:CharacterString>LGA</gco:CharacterString>
                    </keyword>
                    <keyword>
                        <gco:CharacterString>Nigeria</gco:CharacterString>
                    </keyword>
                    <keyword>
                        <gco:CharacterString>NGA</gco:CharacterString>
                    </keyword>
                    <keyword>
                        <gco:CharacterString>GRID3</gco:CharacterString>
                    </keyword>
                    <keyword>
                        <gco:CharacterString>GeoPoDe</gco:CharacterString>
                    </keyword>
                    <keyword>
                        <gco:CharacterString>Boundaries</gco:CharacterString>
                    </keyword>
                </MD_Keywords>
            </descriptiveKeywords>
            <descriptiveKeywords>
                <MD_Keywords>
                    <keyword>
                        <gco:CharacterString>LGA</gco:CharacterString>
                    </keyword>
                    <keyword>
                        <gco:CharacterString>Nigeria</gco:CharacterString>
                    </keyword>
                    <keyword>
                        <gco:CharacterString>NGA</gco:CharacterString>
                    </keyword>
                    <keyword>
                        <gco:CharacterString>GRID3</gco:CharacterString>
                    </keyword>
                    <keyword>
                        <gco:CharacterString>GeoPoDe</gco:CharacterString>
                    </keyword>
                    <keyword>
                        <gco:CharacterString>Boundaries</gco:CharacterString>
                    </keyword>
                </MD_Keywords>
            </descriptiveKeywords>
            <descriptiveKeywords>
                <MD_Keywords>
                    <keyword>
                        <gco:CharacterString>LGA</gco:CharacterString>
                    </keyword>
                    <keyword>
                        <gco:CharacterString>Nigeria</gco:CharacterString>
                    </keyword>
                    <keyword>
                        <gco:CharacterString>NGA</gco:CharacterString>
                    </keyword>
                    <keyword>
                        <gco:CharacterString>GRID3</gco:CharacterString>
                    </keyword>
                    <keyword>
                        <gco:CharacterString>GeoPoDe</gco:CharacterString>
                    </keyword>
                    <keyword>
                        <gco:CharacterString>Boundaries</gco:CharacterString>
                    </keyword>
                </MD_Keywords>
            </descriptiveKeywords>
            <descriptiveKeywords>
                <MD_Keywords>
                    <keyword>
                        <gco:CharacterString>LGA</gco:CharacterString>
                    </keyword>
                    <keyword>
                        <gco:CharacterString>Nigeria</gco:CharacterString>
                    </keyword>
                    <keyword>
                        <gco:CharacterString>NGA</gco:CharacterString>
                    </keyword>
                    <keyword>
                        <gco:CharacterString>GRID3</gco:CharacterString>
                    </keyword>
                    <keyword>
                        <gco:CharacterString>GeoPoDe</gco:CharacterString>
                    </keyword>
                    <keyword>
                        <gco:CharacterString>Boundaries</gco:CharacterString>
                    </keyword>
                </MD_Keywords>
            </descriptiveKeywords>
            <descriptiveKeywords>
                <MD_Keywords>
                    <keyword>
                        <gco:CharacterString>LGA</gco:CharacterString>
                    </keyword>
                    <keyword>
                        <gco:CharacterString>Nigeria</gco:CharacterString>
                    </keyword>
                    <keyword>
                        <gco:CharacterString>NGA</gco:CharacterString>
                    </keyword>
                    <keyword>
                        <gco:CharacterString>GRID3</gco:CharacterString>
                    </keyword>
                    <keyword>
                        <gco:CharacterString>GeoPoDe</gco:CharacterString>
                    </keyword>
                    <keyword>
                        <gco:CharacterString>Boundaries</gco:CharacterString>
                    </keyword>
                </MD_Keywords>
            </descriptiveKeywords>
            <descriptiveKeywords>
                <MD_Keywords>
                    <keyword>
                        <gco:CharacterString>LGA</gco:CharacterString>
                    </keyword>
                    <keyword>
                        <gco:CharacterString>Nigeria</gco:CharacterString>
                    </keyword>
                    <keyword>
                        <gco:CharacterString>NGA</gco:CharacterString>
                    </keyword>
                    <keyword>
                        <gco:CharacterString>GRID3</gco:CharacterString>
                    </keyword>
                    <keyword>
                        <gco:CharacterString>GeoPoDe</gco:CharacterString>
                    </keyword>
                    <keyword>
                        <gco:CharacterString>Boundaries</gco:CharacterString>
                    </keyword>
                </MD_Keywords>
            </descriptiveKeywords>
            <resourceConstraints>
                <MD_Constraints>
                    <useLimitation>
                        <gco:CharacterString>The data is licensed under a Creative Commons Attribution 4.0 International License (https://creativecommons.org/licenses/by/4.0) and specified in legal code (https://creativecommons.org/licenses/by/4.0/legalcode).</gco:CharacterString>
                    </useLimitation>
                </MD_Constraints>
            </resourceConstraints>
            <language gco:nilReason="missing"/>
            <characterSet>
                <MD_CharacterSetCode codeList="http://www.isotc211.org/2005/resources/Codelist/gmxCodelists.xml#MD_CharacterSetCode" codeListValue="utf8" codeSpace="ISOTC211/19115">utf8</MD_CharacterSetCode>
            </characterSet>
        </MD_DataIdentification>
    </identificationInfo>
</MD_Metadata>
